<?xml version="1.0"?>
<metadata xml:lang="en"><idinfo><citation><citeinfo><onlink>\\LUTEA\D$\MMG\OUTGOING\MNbaseGIS\Aimgiin_xil</onlink></citeinfo></citation></idinfo><distInfo><distributor><distorTran><onLineSrc><linkage>file://\\LUTEA\D$\MMG\OUTGOING\MNbaseGIS\Aimgiin_xil</linkage><protocol>Local Area Network</protocol></onLineSrc></distorTran></distributor><distFormat><formatName>Shapefile</formatName></distFormat><distTranOps><transSize>0.000</transSize></distTranOps></distInfo><dataqual><lineage><procstep><procdesc>Dataset copied.</procdesc><srcused>Server=CAD; Service=5151; User=CMCS_APPUSER; Version=SDE.DEFAULT</srcused><procdate>20100513</procdate><proctime>11504000</proctime></procstep><procstep><procdesc>Dataset copied.</procdesc><srcused>D:\MMG\INCOMING\license_map\leases2010.05.17\renamed\Aimgiin_xil</srcused><procdate>20100901</procdate><proctime>11274900</proctime></procstep></lineage></dataqual><dataIdInfo><envirDesc>Microsoft Windows 7 Version 6.1 (Build 7601) Service Pack 1; Esri ArcGIS 10.2.2.3552</envirDesc><dataLang><languageCode value="eng"/><countryCode value="USA"/></dataLang><idCitation><resTitle>mongolia_alagac_utm</resTitle><presForm><PresFormCd value="005"/></presForm></idCitation><spatRpType><SpatRepTypCd value="001"/></spatRpType></dataIdInfo><mdLang><languageCode value="eng"/><countryCode value="USA"/></mdLang><mdHrLv><ScopeCd value="005"/></mdHrLv><mdHrLvName>dataset</mdHrLvName><refSysInfo><RefSystem><refSysID><identCode code="32647"/><idCodeSpace>EPSG</idCodeSpace><idVersion>8.2.6</idVersion></refSysID></RefSystem></refSysInfo><spatRepInfo><VectSpatRep><geometObjs><geoObjTyp><GeoObjTypCd value="002"/></geoObjTyp><geoObjCnt>0</geoObjCnt></geometObjs><topLvl><TopoLevCd value="001"/></topLvl></VectSpatRep></spatRepInfo><spdoinfo><ptvctinf/></spdoinfo><eainfo><detailed><enttyp><enttypl>mongolia_alagac_utm</enttypl></enttyp><attr><attrlabl>FID</attrlabl><attrdef>Internal feature number.</attrdef><attrdefs>Esri</attrdefs><attrdomv><udom>Sequential unique whole numbers that are automatically generated.</udom></attrdomv></attr><attr><attrlabl>Shape</attrlabl><attrdef>Feature geometry.</attrdef><attrdefs>Esri</attrdefs><attrdomv><udom>Coordinates defining the features.</udom></attrdomv></attr><attr><attrlabl>Id</attrlabl></attr></detailed></eainfo><mdDateSt>20141022</mdDateSt><Esri><DataProperties><copyHistory><copy source="\\adcrssa\data\users\cfree\Desktop\Chris\mongolia\data\admin\admin_precise_alagac\mongolia_alagac_utm" dest="\\adcrssa\data\users\cfree\Desktop\Chris\mongolia\data\0for_website\mongolia_alagac_utm" date="20141024" time="13333700"></copy></copyHistory></DataProperties></Esri></metadata>
