<?xml version="1.0" encoding="UTF-8"?>
<metadata xml:lang="ru"><Esri><CreaDate>20161130</CreaDate><CreaTime>17153200</CreaTime><ArcGISFormat>1.0</ArcGISFormat><SyncOnce>FALSE</SyncOnce><DataProperties><itemProps><itemName Sync="TRUE">Selenga_DEM2.tif</itemName><itemLocation><linkage Sync="TRUE">file://F:\Asper\АЛТАС СЕЛЕНГА-БАЙКАЛ\Base_basin\FINAL\Selenga_DEM2.tif</linkage><protocol Sync="TRUE">Local Area Network</protocol></itemLocation><imsContentType Sync="TRUE">002</imsContentType><nativeExtBox><westBL Sync="TRUE">17897394.863153</westBL><eastBL Sync="TRUE">19053838.340552</eastBL><southBL Sync="TRUE">5153625.433089</southBL><northBL Sync="TRUE">5898972.416387</northBL><exTypeCode Sync="TRUE">1</exTypeCode></nativeExtBox></itemProps><coordRef><type Sync="TRUE">Projected</type><geogcsn Sync="TRUE">GCS_Pulkovo_1942</geogcsn><csUnits Sync="TRUE">Linear Unit: Meter (1.000000)</csUnits><peXml Sync="TRUE">&lt;ProjectedCoordinateSystem xsi:type='typens:ProjectedCoordinateSystem' xmlns:xsi='http://www.w3.org/2001/XMLSchema-instance' xmlns:xs='http://www.w3.org/2001/XMLSchema' xmlns:typens='http://www.esri.com/schemas/ArcGIS/10.1'&gt;&lt;WKT&gt;PROJCS[&amp;quot;Pulkovo_1942_GK_Zone_18&amp;quot;,GEOGCS[&amp;quot;GCS_Pulkovo_1942&amp;quot;,DATUM[&amp;quot;D_Pulkovo_1942&amp;quot;,SPHEROID[&amp;quot;Krasovsky_1940&amp;quot;,6378245.0,298.3]],PRIMEM[&amp;quot;Greenwich&amp;quot;,0.0],UNIT[&amp;quot;Degree&amp;quot;,0.0174532925199433]],PROJECTION[&amp;quot;Gauss_Kruger&amp;quot;],PARAMETER[&amp;quot;False_Easting&amp;quot;,18500000.0],PARAMETER[&amp;quot;False_Northing&amp;quot;,0.0],PARAMETER[&amp;quot;Central_Meridian&amp;quot;,105.0],PARAMETER[&amp;quot;Scale_Factor&amp;quot;,1.0],PARAMETER[&amp;quot;Latitude_Of_Origin&amp;quot;,0.0],UNIT[&amp;quot;Meter&amp;quot;,1.0],AUTHORITY[&amp;quot;EPSG&amp;quot;,28418]]&lt;/WKT&gt;&lt;XOrigin&gt;12876700&lt;/XOrigin&gt;&lt;YOrigin&gt;-10002300&lt;/YOrigin&gt;&lt;XYScale&gt;450256403.76418376&lt;/XYScale&gt;&lt;ZOrigin&gt;-100000&lt;/ZOrigin&gt;&lt;ZScale&gt;10000&lt;/ZScale&gt;&lt;MOrigin&gt;-100000&lt;/MOrigin&gt;&lt;MScale&gt;10000&lt;/MScale&gt;&lt;XYTolerance&gt;0.001&lt;/XYTolerance&gt;&lt;ZTolerance&gt;0.001&lt;/ZTolerance&gt;&lt;MTolerance&gt;0.001&lt;/MTolerance&gt;&lt;HighPrecision&gt;true&lt;/HighPrecision&gt;&lt;WKID&gt;28418&lt;/WKID&gt;&lt;LatestWKID&gt;28418&lt;/LatestWKID&gt;&lt;/ProjectedCoordinateSystem&gt;</peXml><projcsn Sync="TRUE">Pulkovo_1942_GK_Zone_18</projcsn></coordRef><RasterProperties><General><PixelDepth Sync="TRUE">16</PixelDepth><HasColormap Sync="TRUE">FALSE</HasColormap><CompressionType Sync="TRUE">LZW</CompressionType><NumBands Sync="TRUE">1</NumBands><Format Sync="TRUE">TIFF</Format><HasPyramids Sync="TRUE">TRUE</HasPyramids><SourceType Sync="TRUE">continuous</SourceType><PixelType Sync="TRUE">unsigned integer</PixelType><NoDataValue Sync="TRUE">32767</NoDataValue></General></RasterProperties><copyHistory><copy source="D:\Study\Asper\АЛТАС СЕЛЕНГА-БАЙКАЛ\Base_bassin\Base_bassin_GK\Selenga_DEM.tif" dest="\\HEWLETT\D$\Study\Asper\АЛТАС СЕЛЕНГА-БАЙКАЛ\Base_bassin\Base_bassin_GK\FINAL\Selenga_DEM.tif" date="20161130" time="17153200"></copy></copyHistory></DataProperties><SyncDate>20170707</SyncDate><SyncTime>11173500</SyncTime><ModDate>20170707</ModDate><ModTime>11173500</ModTime></Esri><dataIdInfo><envirDesc Sync="TRUE">Microsoft Windows 7 Version 6.1 (Build 7601) Service Pack 1; Esri ArcGIS 10.2.0.3348</envirDesc><dataLang><languageCode value="rus" Sync="TRUE"></languageCode><countryCode value="RUS" Sync="TRUE"></countryCode></dataLang><idCitation><resTitle Sync="TRUE">Selenga_DEM2.tif</resTitle><presForm><PresFormCd value="005" Sync="TRUE"></PresFormCd></presForm></idCitation><spatRpType><SpatRepTypCd value="002" Sync="TRUE"></SpatRepTypCd></spatRpType><dataExt><geoEle><GeoBndBox esriExtentType="search"><exTypeCode Sync="TRUE">1</exTypeCode><westBL Sync="TRUE">96.039386</westBL><eastBL Sync="TRUE">113.243997</eastBL><northBL Sync="TRUE">53.217889</northBL><southBL Sync="TRUE">46.248942</southBL></GeoBndBox></geoEle></dataExt></dataIdInfo><mdLang><languageCode value="rus" Sync="TRUE"></languageCode><countryCode value="RUS" Sync="TRUE"></countryCode></mdLang><mdChar><CharSetCd value="004" Sync="TRUE"></CharSetCd></mdChar><distInfo><distFormat><formatName Sync="TRUE">Raster Dataset</formatName></distFormat></distInfo><mdHrLv><ScopeCd value="005" Sync="TRUE"></ScopeCd></mdHrLv><mdHrLvName Sync="TRUE">dataset</mdHrLvName><refSysInfo><RefSystem><refSysID><identCode code="28418" Sync="TRUE"></identCode><idCodeSpace Sync="TRUE">EPSG</idCodeSpace><idVersion Sync="TRUE">8.1.1</idVersion></refSysID></RefSystem></refSysInfo><spatRepInfo><Georect><cellGeo><CellGeoCd Sync="TRUE" value="002"></CellGeoCd></cellGeo><numDims Sync="TRUE">2</numDims><tranParaAv Sync="TRUE">1</tranParaAv><chkPtAv Sync="TRUE">0</chkPtAv><cornerPts><pos Sync="TRUE">17897394.863153 5153625.433089</pos></cornerPts><cornerPts><pos Sync="TRUE">17897394.863153 5898972.416387</pos></cornerPts><cornerPts><pos Sync="TRUE">19053838.340552 5898972.416387</pos></cornerPts><cornerPts><pos Sync="TRUE">19053838.340552 5153625.433089</pos></cornerPts><centerPt><pos Sync="TRUE">18475616.601853 5526298.924738</pos></centerPt><axisDimension type="002"><dimSize Sync="TRUE">5854</dimSize><dimResol><value Sync="TRUE" uom="Meter">197.547570</value></dimResol></axisDimension><axisDimension type="001"><dimSize Sync="TRUE">3773</dimSize><dimResol><value Sync="TRUE" uom="Meter">197.547570</value></dimResol></axisDimension><ptInPixel><PixOrientCd Sync="TRUE" value="001"></PixOrientCd></ptInPixel></Georect></spatRepInfo><contInfo><ImgDesc><contentTyp><ContentTypCd Sync="TRUE" value="001"></ContentTypCd></contentTyp><covDim><Band><dimDescrp Sync="TRUE">Band_1</dimDescrp><bitsPerVal Sync="TRUE">16</bitsPerVal><valUnit><UOM type="length"></UOM></valUnit></Band></covDim></ImgDesc></contInfo><mdDateSt Sync="TRUE">20170707</mdDateSt><eainfo><detailed Name="Selenga_DEM2.tif.vat"><enttyp><enttypl Sync="TRUE">Selenga_DEM2.tif.vat</enttypl><enttypt Sync="TRUE">Table</enttypt><enttypc Sync="TRUE">3040</enttypc></enttyp><attr><attrlabl Sync="TRUE">OID</attrlabl><attalias Sync="TRUE">OID</attalias><attrtype Sync="TRUE">OID</attrtype><attwidth Sync="TRUE">4</attwidth><atprecis Sync="TRUE">0</atprecis><attscale Sync="TRUE">0</attscale><attrdef Sync="TRUE">Internal feature number.</attrdef><attrdefs Sync="TRUE">Esri</attrdefs><attrdomv><udom Sync="TRUE">Sequential unique whole numbers that are automatically generated.</udom></attrdomv></attr><attr><attrlabl Sync="TRUE">Value</attrlabl><attalias Sync="TRUE">Value</attalias><attrtype Sync="TRUE">Integer</attrtype><attwidth Sync="TRUE">9</attwidth><atprecis Sync="TRUE">9</atprecis><attscale Sync="TRUE">0</attscale></attr><attr><attrlabl Sync="TRUE">Count</attrlabl><attalias Sync="TRUE">Count</attalias><attrtype Sync="TRUE">Double</attrtype><attwidth Sync="TRUE">19</attwidth><atprecis Sync="TRUE">0</atprecis><attscale Sync="TRUE">0</attscale></attr></detailed></eainfo></metadata>
